{"meta": {"format": 3, "version": "7.13.4", "timestamp": "2026-02-15T12:26:56.113735", "branch_coverage": false, "show_contexts": false}, "files": {"app/mcp_server.py": {"executed_lines": [7, 8, 9, 10, 12, 13, 14, 16, 17, 18, 19, 26, 28, 29, 31, 32, 33, 34, 35, 43, 44, 45, 46, 48, 50, 51, 52, 53, 55, 57, 58, 59, 60, 61, 62, 63, 64, 65, 66, 67, 68, 69, 70, 71, 72, 74, 76, 77, 78, 79, 80, 81, 82, 83, 84, 85, 86, 87, 88, 90, 92, 93, 94, 95, 96, 97, 98, 99, 100, 101, 102, 104, 105, 107, 109, 110, 111, 113, 116, 117, 118, 119, 120, 121, 122, 123, 124, 125, 126, 127, 129, 130, 132, 133, 134, 135, 136, 137, 138, 139, 140, 141, 142, 143, 144, 146, 147, 149, 150, 151, 152, 153, 154, 155, 156, 157, 158, 160, 161, 162, 163, 165, 166, 169, 170, 175, 176, 178, 179, 180, 181, 182, 183, 184, 185, 186, 187, 188, 189, 190, 192, 193, 195, 196, 197, 198, 199, 200, 201, 202, 203, 204, 209, 210, 212, 213, 214, 215, 216, 217, 219, 220, 221, 226, 227, 229, 230, 231, 232, 233, 234, 236, 237, 238, 239, 244, 245, 247, 248, 249, 250, 251, 252, 253, 258, 259, 261, 262, 263, 264, 265, 266, 267, 268, 270, 275, 277, 278, 279, 280, 281, 282, 283, 284, 285, 286, 287, 288, 289, 290, 291, 292, 293, 294, 295, 296, 297, 298, 299, 300, 301, 302, 303, 304, 305, 306, 307, 308, 309, 310, 312, 313, 314, 315, 316, 317, 319, 321, 322, 324, 325, 326, 327, 329, 331, 332, 334, 336, 337, 339, 341, 342, 344, 346, 347, 349, 352, 353, 355, 356, 357, 358, 359, 360, 361, 362, 363, 364, 365, 366, 367, 368, 369, 370, 371, 372, 373, 374, 375, 376, 377, 378, 379, 380, 381, 382, 383, 384, 385, 387, 388, 389, 390, 391, 392, 393, 394, 395, 396, 397, 398, 403, 404, 405, 406, 412, 414, 415, 417, 418, 419, 420, 421, 424, 425, 426, 427, 430, 431, 432, 433, 434, 435, 436, 439, 446, 447, 449, 450, 451, 453, 454, 456, 457, 458, 459, 460, 461, 462, 463, 464, 465, 466, 467, 468, 469, 470, 471, 474, 475, 476, 477, 479, 480, 482, 483, 484, 485, 486, 487, 488, 489, 490, 491, 492, 493, 494, 495, 496, 498, 499, 502, 503, 504, 506, 507, 508, 511, 512, 513, 514, 515, 517, 524], "summary": {"covered_lines": 384, "num_statements": 421, "percent_covered": 91.21140142517815, "percent_covered_display": "91", "missing_lines": 37, "excluded_lines": 4, "percent_statements_covered": 91.21140142517815, "percent_statements_covered_display": "91"}, "missing_lines": [159, 171, 172, 173, 205, 206, 207, 218, 222, 223, 224, 235, 240, 241, 242, 254, 255, 256, 269, 271, 272, 273, 330, 335, 340, 345, 350, 401, 402, 408, 409, 410, 519, 520, 521, 522, 525], "excluded_lines": [21, 22, 23, 24], "functions": {"_validate_symbol": {"executed_lines": [50, 51, 52, 53], "summary": {"covered_lines": 4, "num_statements": 4, "percent_covered": 100.0, "percent_covered_display": "100", "missing_lines": 0, "excluded_lines": 0, "percent_statements_covered": 100.0, "percent_statements_covered_display": "100"}, "missing_lines": [], "excluded_lines": [], "start_line": 48}, "_truncate_response": {"executed_lines": [57, 58, 59, 60, 61, 62, 63, 64, 65, 66, 67, 68, 69, 70, 71, 72], "summary": {"covered_lines": 16, "num_statements": 16, "percent_covered": 100.0, "percent_covered_display": "100", "missing_lines": 0, "excluded_lines": 0, "percent_statements_covered": 100.0, "percent_statements_covered_display": "100"}, "missing_lines": [], "excluded_lines": [], "start_line": 55}, "_load_analyzer": {"executed_lines": [76, 77, 78, 79, 80, 81, 82, 83, 84, 85, 86, 87, 88], "summary": {"covered_lines": 13, "num_statements": 13, "percent_covered": 100.0, "percent_covered_display": "100", "missing_lines": 0, "excluded_lines": 0, "percent_statements_covered": 100.0, "percent_statements_covered_display": "100"}, "missing_lines": [], "excluded_lines": [], "start_line": 74}, "_build_dataframes": {"executed_lines": [92, 93, 94, 95, 96, 97, 98, 99, 100, 101, 102, 104, 105], "summary": {"covered_lines": 13, "num_statements": 13, "percent_covered": 100.0, "percent_covered_display": "100", "missing_lines": 0, "excluded_lines": 0, "percent_statements_covered": 100.0, "percent_statements_covered_display": "100"}, "missing_lines": [], "excluded_lines": [], "start_line": 90}, "_get_lock": {"executed_lines": [109, 110, 111], "summary": {"covered_lines": 3, "num_statements": 3, "percent_covered": 100.0, "percent_covered_display": "100", "missing_lines": 0, "excluded_lines": 0, "percent_statements_covered": 100.0, "percent_statements_covered_display": "100"}, "missing_lines": [], "excluded_lines": [], "start_line": 107}, "_init_services": {"executed_lines": [116, 117, 118, 119, 120, 121, 122, 123, 124, 125, 126, 127], "summary": {"covered_lines": 12, "num_statements": 12, "percent_covered": 100.0, "percent_covered_display": "100", "missing_lines": 0, "excluded_lines": 0, "percent_statements_covered": 100.0, "percent_statements_covered_display": "100"}, "missing_lines": [], "excluded_lines": [], "start_line": 113}, "get_price": {"executed_lines": [132, 133, 134, 135, 136, 137, 138, 139, 140, 141, 142, 143, 144], "summary": {"covered_lines": 13, "num_statements": 13, "percent_covered": 100.0, "percent_covered_display": "100", "missing_lines": 0, "excluded_lines": 0, "percent_statements_covered": 100.0, "percent_statements_covered_display": "100"}, "missing_lines": [], "excluded_lines": [], "start_line": 130}, "get_volume": {"executed_lines": [149, 150, 151, 152, 153, 154, 155, 156, 157, 158, 160, 161, 162, 163, 165, 166, 169, 170], "summary": {"covered_lines": 18, "num_statements": 22, "percent_covered": 81.81818181818181, "percent_covered_display": "82", "missing_lines": 4, "excluded_lines": 0, "percent_statements_covered": 81.81818181818181, "percent_statements_covered_display": "82"}, "missing_lines": [159, 171, 172, 173], "excluded_lines": [], "start_line": 147}, "get_fundamentals": {"executed_lines": [178, 179, 180, 181, 182, 183, 184, 185, 186, 187, 188, 189, 190], "summary": {"covered_lines": 13, "num_statements": 13, "percent_covered": 100.0, "percent_covered_display": "100", "missing_lines": 0, "excluded_lines": 0, "percent_statements_covered": 100.0, "percent_statements_covered_display": "100"}, "missing_lines": [], "excluded_lines": [], "start_line": 176}, "get_ownership": {"executed_lines": [195, 196, 197, 198, 199, 200, 201, 202, 203, 204], "summary": {"covered_lines": 10, "num_statements": 13, "percent_covered": 76.92307692307692, "percent_covered_display": "77", "missing_lines": 3, "excluded_lines": 0, "percent_statements_covered": 76.92307692307692, "percent_statements_covered_display": "77"}, "missing_lines": [205, 206, 207], "excluded_lines": [], "start_line": 193}, "get_insider_activity": {"executed_lines": [212, 213, 214, 215, 216, 217, 219, 220, 221], "summary": {"covered_lines": 9, "num_statements": 13, "percent_covered": 69.23076923076923, "percent_covered_display": "69", "missing_lines": 4, "excluded_lines": 0, "percent_statements_covered": 69.23076923076923, "percent_statements_covered_display": "69"}, "missing_lines": [218, 222, 223, 224], "excluded_lines": [], "start_line": 210}, "get_news": {"executed_lines": [229, 230, 231, 232, 233, 234, 236, 237, 238, 239], "summary": {"covered_lines": 10, "num_statements": 14, "percent_covered": 71.42857142857143, "percent_covered_display": "71", "missing_lines": 4, "excluded_lines": 0, "percent_statements_covered": 71.42857142857143, "percent_statements_covered_display": "71"}, "missing_lines": [235, 240, 241, 242], "excluded_lines": [], "start_line": 227}, "get_macro_calendar": {"executed_lines": [247, 248, 249, 250, 251, 252, 253], "summary": {"covered_lines": 7, "num_statements": 10, "percent_covered": 70.0, "percent_covered_display": "70", "missing_lines": 3, "excluded_lines": 0, "percent_statements_covered": 70.0, "percent_statements_covered_display": "70"}, "missing_lines": [254, 255, 256], "excluded_lines": [], "start_line": 245}, "get_macro_history": {"executed_lines": [261, 262, 263, 264, 265, 266, 267, 268, 270], "summary": {"covered_lines": 9, "num_statements": 13, "percent_covered": 69.23076923076923,